Date,First.year,Species,SP.05,ISL.06,NUM.07,PL,BILL,BANDS,weight,wing,LTL,RTL,tarsus,bill.depth,bill.length,bill.width,Remarks,meaningful.unique,AllProtect,RNAlater,Paper To Princeton,Paper To Uppsala
1/4/22,2022,fortis,1,Daphne,18592,Bn,BN,M/LG Y/BN,13.25,64,22,21.5,21.75,7.99,9.16,6.44,,01Dap18592,,,Y,Y
1/4/22,2022,scandens,3,Daphne,18582,Bn,BN,LG/M W/BN,14.5,67,22,22,22,8.65,10.4,6.64,,03Dap18582,,,Y,Y
1/4/22,2022,scandens,3,Daphne,18572,Bn,BN,LG/M R/BN,14.5,63,21,22,21.5,9.76,11.14,7.77,,03Dap18572,,,Y,Y
1/4/22,2022,scandens,3,Daphne,18562,Bn,BN,LG/M O/BN,17,66,22,23,22.5,10.18,14.11,8.86,,03Dap18562,,,Y,Y
1/4/22,2022,fortis,1,Daphne,18552,Bn,BN,M/LG LG/BN,14.25,68,21,21,21,8.4,10.26,7.84,,01Dap18552,,,Y,Y
1/4/22,2022,scandens,3,Daphne,18542,Bl1,BL,LG/M GY/BN,20,71,24,24,24,10.4,14.48,8.84,,03Dap18542,,,Y,Y
1/4/22,2022,fuliginosa,0,Daphne,18532,Bn,BN,M/LG DG/BN,11.75,59,19,20,19.5,7.25,9.18,7.2,,00Dap18532,,,Y,Y
1/5/22,2022,scandens,3,Daphne,18529,Bn,BN/P,,15.25,69,22.6,21.8,22.2,9.43,11.95,8.35,pox,03Dap18529,,,Y,Y
1/5/22,2022,scandens,3,Daphne,18528,Bn,BN/Y,,17.5,71,21.01,20.71,20.86,10.37,13.29,8.75,,03Dap18528,,,Y,Y
1/5/22,2022,scandens,3,Daphne,18527,Bn,BN/Y,,16,70,23,22.16,22.58,9.99,14.03,8.71,,03Dap18527,,,Y,Y
1/5/22,2022,scandens,3,Daphne,18526,Bn,OR/Y,,17,70,22.08,21.36,21.72,10.59,13.37,9.4,,03Dap18526,,,Y,Y
1/5/22,2022,scandens,3,Daphne,18525,Bn,Y/Y,,18,71,21.94,21.54,21.74,10.35,13.37,8.91,,03Dap18525,,,Y,Y
1/5/22,2022,scandens,3,Daphne,18524,Bn,BL,,16.5,69,21.83,21.01,21.42,9.35,12.62,8.15,,03Dap18524,,,Y,Y
1/5/22,2022,scandens,3,Daphne,18523,Bn,P/BN/P,,16.5,66,21.8,20.92,21.36,8.74,11.88,7.85,,03Dap18523,,,Y,Y
1/5/22,2022,scandens,3,Daphne,18522,Bl1,BL/OR,,14.75,66,22.14,20.99,21.56,9.09,12.62,8.5,,03Dap18522,,,Y,Y
1/5/22,2022,fortis,1,Daphne,18521,Bn,BL,,15,67,21.68,20.98,21.33,8.29,10.26,7.8,,01Dap18521,,,Y,Y
1/5/22,2022,scandens,3,Daphne,18512,Bn,BN/Y,,17.5,69,22.77,22,22.38,10.15,12.55,9.02,,03Dap18512,,,Y,Y
1/5/22,2022,scandens,3,Daphne,18492,Bn,BN/Y,,17.5,72,22.56,22.15,22.35,11.2,14.11,9.25,pox on left foot,03Dap18492,,,Y,Y
1/5/22,2022,scandens,3,Daphne,18482,Bl3,BL,,17,69,22.01,21.53,21.77,9.7,13.37,7.94,,03Dap18482,,,Y,Y
1/5/22,2022,scandens,3,Daphne,19726,Bl1,BL,,17,69,21.54,21.25,21.4,10.03,12.62,9.07,recapture,03Dap19726,,,Y,Y
1/5/22,2022,scandens,3,Daphne,18472,Bl1,BN/BL/BL/Y,,19.25,70,22.44,22.24,22.34,10.09,14.11,8.62,,03Dap18472,,,Y,Y
1/5/22,2022,scandens,3,Daphne,18462,Bn,BN,,14.25,67,20.07,20.24,20.16,9.96,12.99,8.25,,03Dap18462,,,Y,Y
1/5/22,2022,fuliginosa,0,Daphne,18452,Bn,P,,12.5,62,20.24,19.78,20.01,7.53,8.2,7.13,,00Dap18452,,,Y,Y
1/5/22,2022,scandens,3,Daphne,18432,Bl2,BL/OR/OR,,18.5,69,22.82,22.13,22.48,10.3,14.11,9.39,,03Dap18432,,,Y,Y
1/5/22,2022,scandens,3,Daphne,C79154,Bl2,BL/grey,,16.5,67,20.81,20.41,20.61,8.93,12.62,7.79,sempasea lisboa recapture,03DapC79154,,,Y,Y
1/5/22,2022,scandens,3,Daphne,18429,Bl5,BL,,21.5,72,23.58,23.03,23.3,10.47,14.85,9.57,,03Dap18429,,,Y,Y
1/5/22,2022,scandens,3,Daphne,C78103,Bl1,BL,,17,66,21.92,21.64,21.78,9.52,12.25,7.91,sempasea lisboa recapture,03DapC78103,,,Y,Y
1/5/22,2022,scandens,3,Daphne,C071988,Bl3,BL,,18.25,72,22.13,22.03,22.08,10.69,12.99,8.82,sempasea lisboa recapture,03DapC071988,,,Y,Y
1/6/22,2022,scandens,3,Daphne,18428,Bl1,BN/P,,19.25,71,22.12,22.09,22.1,9.99,12,8.81,,03Dap18428,,,Y,Y
1/6/22,2022,scandens,3,Daphne,18427,Bn,BN/Or,,17.5,69,21.8,21.07,21.44,10.03,13,8.63,,03Dap18427,,,Y,Y
1/6/22,2022,scandens,3,Daphne,18426,Bl2,BL/OR/Y/P,,21.25,73,24.25,25.01,24.63,11.25,14,9.8,,03Dap18426,,,Y,Y
1/6/22,2022,scandens,3,Daphne,18425,Bl2,OR/Y,,17,70,22.68,22.48,22.58,10.25,12.5,8.64,,03Dap18425,,,Y,Y
1/6/22,2022,fortis,1,Daphne,18424,Bl1,BN/BL/OR,,13.75,62,20.45,20.42,20.44,8.62,10.5,8.04,,01Dap18424,,,Y,Y
1/6/22,2022,fortis,1,Daphne,18423,Bn,OR,,12.25,61,19.95,19.63,19.79,8.03,11,7.69,"imageJ: BL = 10.02, BD = 7.7",01Dap18423,,,Y,Y
1/6/22,2022,scandens,3,Daphne,18422,Bl3,BN/BN/Y,,18.5,69,22.38,21.98,22.18,10.28,14.2,9.06,,03Dap18422,,,Y,Y
1/6/22,2022,scandens,3,Daphne,18421,Bl1,BN/BL/OR,,18.25,71,22.07,21.81,21.94,9.54,13.2,8.06,,03Dap18421,,,Y,Y
1/6/22,2022,scandens,3,Daphne,18420,Bl,Bl,,22,73,24.29,23.86,24.08,11.79,14.8,10.49,notably large scandens,03Dap18420,,,Y,Y
1/6/22,2022,scandens,3,Daphne,18412,Bl2,BN/OR,,14.5,67,21.32,20.6,20.96,8.45,13.2,7.23,,03Dap18412,,,Y,Y
1/6/22,2022,scandens,3,Daphne,18402,Bn,BN/OR,,14.5,64,20.94,20.32,20.63,8.39,12,7.75,,03Dap18402,,,Y,Y
1/6/22,2022,scandens,3,Daphne,18392,Bl1,BN/OR,,15.25,65,21.11,20.79,20.95,8.56,11.2,8.08,,03Dap18392,,,Y,Y
1/6/22,2022,scandens,3,Daphne,18382,Bl2,BN/Y/OR,,19.5,66,22.37,21.52,21.94,10.82,13.8,9.7,"imageJ: BL = 14.5, BD=8.91",03Dap18382,,,Y,Y
1/6/22,2022,scandens,3,Daphne,18372,Bl1,BL.BL/BN,,17,69,21.36,20.89,21.12,8.9,14,7.94,molting,03Dap18372,,,Y,Y
1/6/22,2022,fortis,1,Daphne,18362,Bl1,BN/OR/Y,,15.75,65,20.64,20.37,20.51,9.18,11,8.69,,01Dap18362,,,Y,Y
1/6/22,2022,scandens,3,Daphne,18352,BN,OR,,16.25,66,21.22,20.94,21.08,9.32,12,8.45,,03Dap18352,,,Y,Y
1/6/22,2022,scandens,3,Daphne,18342,BN,BN/Y,,17.5,65,21.26,20.75,21.01,9.83,13,8.75,,03Dap18342,,,Y,Y
1/6/22,2022,scandens,3,Daphne,18332,BN,OR/Y,,17.75,69,22.36,21.82,22.09,9.82,13,8.23,,03Dap18332,,,Y,Y
1/6/22,2022,scandens,3,Daphne,18329,BN,BN,,21.5,72,22.91,23.18,23.05,11.26,14.5,9.69,,03Dap18329,,,Y,Y
1/6/22,2022,scandens,3,Daphne,18328,BN,BN/OR,,17,65,21.24,20.96,21.1,9.5,12.8,7.98,,03Dap18328,,,Y,Y
1/6/22,2022,scandens,3,Daphne,18327,BL1,BN/OR,,18.25,71,23.52,22.37,22.94,10.5,14,8.9,,03Dap18327,,,Y,Y
1/7/22,2022,scandens,3,Daphne,18326,BN,BN/OR,,18,69,21.97,21.73,21.85,9.84,14,9.29,,03Dap18326,,,Y,Y
1/7/22,2022,scandens,3,Daphne,18325,BN,OR,,13,62,18.56,18.21,18.38,7.81,12,7.2,,03Dap18325,,,Y,Y
1/7/22,2022,scandens,3,Daphne,18324,BL1,BN/OR,,18.5,71,21.56,21.95,21.75,9.88,12.8,8.91,,03Dap18324,,,Y,Y
1/7/22,2022,scandens,3,Daphne,18323,BL1,BL/OR/BL/OR,,20.25,73,23.35,23.22,23.28,10.44,14.5,9.45,,03Dap18323,,,Y,Y
1/7/22,2022,fortis,1,Daphne,18322,BN,P,,14.25,74,20.8,20.63,20.72,8.22,10,7.56,,01Dap18322,,,Y,Y
1/7/22,2022,fuliginosa,0,Daphne,18321,BN,P,,11.25,57,19.05,18.85,18.95,6.92,8,6.53,,00Dap18321,Y,,N,Y
1/7/22,2022,scandens,3,Daphne,18320,BL2,BN,,17,68,21.92,21.48,21.7,9.55,13.5,8.95,missing 1 digit on right foot,03Dap18320,,,Y,Y
1/7/22,2022,fortis,1,Daphne,18312,BL2,OR,,13.5,64,20.5,20.19,20.34,8.41,10,7.44,,01Dap18312,,,Y,Y
1/7/22,2022,fortis,1,Daphne,C071986,BL5,BL/BL/Y,,12.5,67,19.75,18.87,19.31,8.21,9,7.72,sempasea lisboa recapture,01DapC071986,,,Y,Y
1/7/22,2022,fortis,1,Daphne,18302,BN,BL/OR,,12.75,61,20.5,20.11,20.3,7.78,9.2,7.32,,01Dap18302,,,Y,Y
1/7/22,2022,scandens,3,Daphne,18200,BL2,BL/OR,,17.75,68,22.08,21.74,21.91,8.78,12,8.47,,03Dap18200,,,Y,Y
1/7/22,2022,scandens,3,Daphne,18192,BN,OR,,18.5,71,22.04,21.6,21.82,9.67,13.5,8.77,,03Dap18192,,,Y,Y
1/7/22,2022,scandens,3,Daphne,18182,BL2,OR,,18.25,69,21.18,20.94,21.06,9.64,13.2,8.66,,03Dap18182,,,Y,Y
1/7/22,2022,fortis,1,Daphne,18172,BL5,BL,,19,71,20.77,21.2,20.98,10.48,12.5,9.46,notably large fortis,01Dap18172,,,Y,Y
1/7/22,2022,scandens,3,Daphne,18162,BN,BL/Y,,16.5,67,20.76,20.79,20.77,9.16,13.5,8.37,,03Dap18162,,,Y,Y
1/8/22,2022,scandens,3,Daphne,18142,BL2,OR,,18.5,71,22.63,22.12,22.38,9.13,14,8.26,pox,03Dap18142,,,Y,Y
1/8/22,2022,scandens,3,Daphne,18152,BL2,BN,,17,67,22.72,22.45,22.59,9.01,12.5,8.92,pox,03Dap18152,,,Y,Y
1/8/22,2022,scandens,3,Daphne,18132,BL2,BN,,18.25,72,22.23,21.52,21.88,9.45,13.8,8.6,,03Dap18132,,,Y,Y
1/8/22,2022,fortis,1,Daphne,18129,BN,BN/OR,,13.75,65,19.98,19.41,19.7,8.57,9.5,7.83,,01Dap18129,,,Y,Y
1/8/22,2022,scandens,3,Daphne,18128,BL2,BN/OR,,17.5,73,22.95,22.85,22.9,9.85,13.5,9.05,bill is broken on upper mandible,03Dap18128,,,Y,Y
1/8/22,2022,fortis,1,Daphne,18127,BN,BN,,12.25,61,18.45,18.53,18.49,7.31,9.5,7.04,,01Dap18127,,,Y,Y
1/8/22,2022,scandens,3,Daphne,18126,BL2,BN/OR,,18.75,69,21.7,21.71,21.7,9.08,13.5,8.7,,03Dap18126,,,Y,Y
1/8/22,2022,scandens,3,Daphne,18125,BL1,BL/OR/OR,,17,69,20.62,20.01,20.32,8.45,12.2,7.86,,03Dap18125,,,Y,Y
1/8/22,2022,scandens,3,Daphne,18124,BL1,,,15.5,67,21.6,21.84,21.72,9.1,13,8.5,,03Dap18124,,,Y,Y
1/8/22,2022,magnirostris,2,Daphne,18123,BN,BL/Y,,29.25,79,24.36,24.22,24.29,14.7,14.5,13.61,"molting P9,P8, S1 on R wing, P9, P8, S2 on L wing",02Dap18123,Y,,N,Y
1/8/22,2022,fortis,1,Daphne,18112,BL5,BL,,16.75,68,21.9,21.16,21.53,8.69,11.2,8.36,,01Dap18112,,,Y,Y
1/8/22,2022,fortis,1,Daphne,18122,BL5,BL/OR,,12.5,65,19.32,18.72,19.02,7.64,9.5,7.01,,01Dap18122,,,Y,Y
1/8/22,2022,fortis,1,Daphne,18121,BL5,BL,,14.75,67,20.34,19.99,20.16,8.04,10,7.51,,01Dap18121,,,Y,Y
1/8/22,2022,scandens,3,Daphne,18120,BL2,OR,,16.25,68,22.39,22.13,22.26,8.8,12.2,8.01,,03Dap18120,,,Y,Y
1/8/22,2022,scandens,3,Daphne,18102,BL2,BL/OR/OR,,17.75,69,22.05,21.5,21.77,8.42,13.5,8.31,,03Dap18102,,,Y,Y
1/8/22,2022,fortis,1,Daphne,18602,BN,BN,,14,63,20.83,20.7,20.76,8.5,10.5,8.31,,01Dap18602,,,Y,Y
1/8/22,2022,scandens,3,Daphne,18612,BN,BL/BN/OR,,17.25,68,21.19,21.35,21.27,8.85,11.8,8.13,possibly hybrid FXS,03Dap18612,,,Y,Y
1/8/22,2022,scandens,3,Daphne,18620,BL2,BN,,18.75,69,21.64,21.29,21.46,9.86,13.5,9.17,swollen left foot,03Dap18620,,,Y,Y
1/8/22,2022,scandens,3,Daphne,18621,BL1,BN/OR,,16.75,71,21.84,21.54,21.69,9.3,14,8.63,,03Dap18621,,,Y,Y
1/8/22,2022,scandens,3,Daphne,18622,BL5,BL2,,18.5,70,21.73,21.16,21.44,9.11,14.5,8.71,,03Dap18622,,,Y,Y
1/8/22,2022,scandens,3,Daphne,18623,BL3,BL/BL/OR,,18,69,21.77,21.97,21.87,10.23,14.5,8.84,,03Dap18623,,,Y,Y
1/8/22,2022,fortis,1,Daphne,18624,BN,OR,,15.5,65,21.95,21.91,21.93,8.9,12,8.56,,01Dap18624,,,Y,Y
1/8/22,2022,scandens,3,Daphne,18625,BL2,BL/OR,,18.75,68,21.27,20.67,20.97,9.78,13,9.24,,03Dap18625,,,Y,Y
1/8/22,2022,scandens,3,Daphne,18626,BN,OR,,15.75,66,22.01,22.48,22.25,8.61,12.2,8.2,,03Dap18626,,,Y,Y
1/9/22,2022,fortis,1,Daphne,18627,BL1,,,11.5,64,21.02,20.27,20.64,7.32,9,7.5,,01Dap18627,,,Y,Y
1/9/22,2022,scandens,3,Daphne,18628,BL2,,,15,66,21.79,21.37,21.58,8.73,12.2,8.12,,03Dap18628,,,Y,Y
1/9/22,2022,scandens,3,Daphne,18642,BL1,,,19.25,73,23.3,22.59,22.94,10.47,15,9.28,,03Dap18642,,,Y,Y
1/9/22,2022,scandens,3,Daphne,18629,BL2,,,18.25,70,22.58,22.18,22.38,9.86,13.8,9.08,,03Dap18629,,,Y,Y
1/9/22,2022,fortis,1,Daphne,18652,BL3,BL/OR,,18.25,66,21.58,20.8,21.19,9.83,11.8,8.87,,01Dap18652,,,Y,Y
1/9/22,2022,fortis,1,Daphne,18662,BN,OR,,16.25,65,21,20.83,20.91,8.1,11.2,7.95,,01Dap18662,,,Y,Y
1/9/22,2022,scandens,3,Daphne,18672,BL2,BN/OR,,18.5,68,22.29,22.05,22.17,9.7,14.2,8.59,,03Dap18672,,,Y,Y
1/9/22,2022,scandens,3,Daphne,18682,BL2,BL/BN,,17.75,66,21.69,21.19,21.44,8.77,12.8,8.2,,03Dap18682,,,Y,Y
1/9/22,2022,scandens,3,Daphne,18702,BL2,OR,,17.5,67,21.59,21.59,21.59,9.58,12.8,9.29,,03Dap18702,,,Y,Y
1/9/22,2022,scandens,3,Daphne,18712,BL2,BL/BN,R/N DB/BN,20,71,21.83,21.62,21.73,10.05,14,8.77,,03Dap18712,,,Y,Y
1/9/22,2022,fortis,1,Daphne,18721,BN,OR,,12.25,61,19.7,19.35,19.52,7.42,9,7.28,,01Dap18721,,,Y,Y
1/9/22,2022,scandens,3,Daphne,18720,BL1,OR,R/N BN/BK,18,67,21.81,21.47,21.64,9.81,13.2,8.87,,03Dap18720,,,Y,Y
1/9/22,2022,fortis,1,Daphne,18722,BN,OR,,14.75,67,21.33,20.98,21.16,8.75,11.5,7.79,,01Dap18722,,,Y,Y
1/9/22,2022,scandens,3,Daphne,18723,BL1,OR,,16,67,21.42,21.2,21.31,8.9,12.2,8.17,,03Dap18723,,,Y,Y
1/9/22,2022,fortis,1,Daphne,18724,BN,OR,,13,64,20.32,19.63,19.98,7.76,9.2,7.75,,01Dap18724,,,Y,Y
1/9/22,2022,fortis,1,Daphne,18725,BL1,OR,M/R BN/LG,10.5,69,18.7,18.67,18.69,7.49,9.2,7.06,,01Dap18725,,,Y,Y
1/9/22,2022,fortis,1,Daphne,18726,BN,BN/OR,M/R BN/OR,11.25,60,17.45,18.26,17.86,7.41,9,7.16,,01Dap18726,,,Y,Y
1/9/22,2022,fortis,1,Daphne,18727,BL2,OR,M/R BN/R,13.25,63,20.34,19.93,20.13,7.96,9.5,7.58,,01Dap18727,,,Y,Y
1/9/22,2022,fortis,1,Daphne,18728,BL1,OR,M/R BN/W,14.5,63,20.95,20.8,20.88,8.16,10,,beak width forgotten,01Dap18728,,,Y,Y
1/9/22,2022,fortis,1,Daphne,18729,BN,BL/OR/OR,M/R BN/Y,15.25,68,21.95,21.7,21.82,9.38,11,9.19,,01Dap18729,,,Y,Y
1/9/22,2022,scandens,3,Daphne,18732,BL2,OR,R/M DG/BN,17.25,68,22.27,21.6,21.94,9.56,12.5,9.01,,03Dap18732,,,Y,Y
1/9/22,2022,fortis,1,Daphne,18742,BN,OR,,14,63,21.45,21.48,21.46,8.07,10.5,8.04,,01Dap18742,,,Y,Y
1/9/22,2022,scandens,3,Daphne,18752,BL1,OR,,16.5,65,22.2,22.29,22.24,9.48,13.2,8.9,,03Dap18752,,,Y,Y
1/9/22,2022,scandens,3,Daphne,18762,BL2,BN/OR,,16.75,71,20.29,21,20.64,9.53,14.2,8.51,old healed broken R leg,03Dap18762,,,Y,Y
1/9/22,2022,scandens,3,Daphne,18772,BL3,BN/OR,R/M R/BN,19,67,21.61,21.1,21.36,9.5,13.8,8.94,,03Dap18772,,,Y,Y
1/9/22,2022,scandens,3,Daphne,18782,BL3,BL/OR,R/M W/BN,18.75,69,22.61,21.98,22.3,9.31,13.5,8.82,,03Dap18782,,,Y,Y
1/9/22,2022,scandens,3,Daphne,18792,BL2,BL/OR,R/M Y/BN,18.5,70,22.92,22.94,22.93,9.71,13.5,8.94,pale brown head feathers,03Dap18792,,,Y,Y
1/9/22,2022,fortis,1,Daphne,18820,BN,OR,,11.2,62,20.5,20.08,20.29,7.39,9,7.23,,01Dap18820,,,Y,Y
1/9/22,2022,fortis,1,Daphne,18821,BL3,OR,M/W W/BN,13.75,65,21.67,21.66,21.66,8.43,10.2,8.1,pox on R leg. Different colors used than band combination,01Dap18821,,,Y,Y
1/10/22,2022,scandens,3,Daphne,18832,BL2,BL/OR,,17.75,67,20.32,18.97,19.64,8.75,13,8.15,,03Dap18832,,,Y,Y
1/10/22,2022,scandens,3,Daphne,18862,BL3,BL/OR,W/M O/BN,17,67,21.72,21.41,21.56,9.37,14,8.06,,03Dap18862,Y,,Y,Y
1/10/22,2022,scandens,3,Daphne,18822,BN,BN/OR,,19,68,21.33,21.59,21.46,9.83,13,8.7,,03Dap18822,Y,,Y,Y
1/10/22,2022,scandens,3,Daphne,18823,BL1,OR/Y,W/M BN/DG,14.75,64,20.74,20.13,20.43,8.41,11.5,8,hybrid FXS?,03Dap18823,,,Y,Y
1/10/22,2022,scandens,3,Daphne,18824,BL1,BN/OR,W/M BN/GY,17,69,21.01,20.41,20.71,9.58,13.8,8.1,,03Dap18824,Y,,Y,Y
1/10/22,2022,scandens,3,Daphne,18825,BL3,BL/OR,W/M BN/LG,14.75,67,22.08,21.28,21.68,8.42,13.5,7.96,,03Dap18825,,,Y,Y
1/10/22,2022,scandens,3,Daphne,18826,Bl3,BL/Y,W/M BN/OR,18.5,67,22,21.26,21.63,9.68,14,8.87,,03Dap18826,,,Y,Y
1/10/22,2022,scandens,3,Daphne,18827,BL5,BL,W/M BN/DB,18.5,71,21.42,21.19,21.3,8.56,12.8,8.18,,03Dap18827,,,Y,Y
1/10/22,2022,scandens,3,Daphne,18828,BL2,BN/O,W/M BN/W,16.75,67,21.07,20.75,20.91,8.54,12.8,8.02,,03Dap18828,,,Y,Y
1/10/22,2022,scandens,3,Daphne,18872,BL5,BL,W/M R/BN,18,69,21.05,20.96,21.01,9.23,11.8,8.78,hybrid FXS?,03Dap18872,Y,,Y,Y
1/10/22,2022,fortis,1,Daphne,18829,BN,BL/O,W/M BN/Y,14.75,64,20.38,19.99,20.18,7.62,10,7.46,,01Dap18829,Y,,Y,Y
1/10/22,2022,scandens,3,Daphne,18852,BL5,BL,W/M LG/BN,18.75,71,21.88,21.67,21.77,9.53,13,8.93,hybrid FXS?,03Dap18852,,Y,Y,Y
1/10/22,2022,scandens,3,Daphne,18842,BN,OR,,18.55,70,21.62,21.44,21.53,9.28,14.2,8.8,,03Dap18842,,,Y,Y
1/10/22,2022,fortis,1,Daphne,18882,BL1,BN/O,M/W W/BN,14.5,63,20.33,20.02,20.17,7.9,9.5,7.8,,01Dap18882,,Y,Y,Y
1/10/22,2022,scandens,3,Daphne,18892,BN,BN/O,,18.25,70,21.01,21.24,21.12,9.72,12.8,8.76,,03Dap18892,,,Y,Y
1/10/22,2022,scandens,3,Daphne,C79159,BL5,BL,DB/LG Y/M,18.75,71,21.31,21.15,21.23,8.9,13.5,8.53,sempasea lisboa recapture,03DapC79159,,,Y,Y
1/10/22,2022,scandens,3,Daphne,18201,BL5,BL,BN/M BK/DB,17.5,70,22.35,21.82,22.09,8.36,13.5,7.87,,03Dap18201,,,Y,Y
1/10/22,2022,fortis,1,Daphne,18202,BN,OR,,13.75,64,20.35,20.57,20.46,7.25,9.2,7.54,,01Dap18202,,,Y,Y
1/10/22,2022,scandens,3,Daphne,18203,BL2,BL/OR,,19,68,22.17,21.87,22.02,8.42,12.5,8.46,,03Dap18203,,,Y,Y
1/10/22,2022,scandens,3,Daphne,18204,BL2,BL,BN/M BK/GY,20.5,72,21.37,22.01,21.69,10.49,14,9.62,covert feathers yellow. A large scandens,03Dap18204,Y,,Y,Y
1/10/22,2022,fortis,1,Daphne,18205,BN,OR,,13.75,61,19.94,19.95,19.94,8.53,10.2,7.7,pale brown head feathers,01Dap18205,,,Y,Y
1/10/22,2022,scandens,3,Daphne,18206,BL3,BL/OR,BN/M BK/O,12,57,17.64,17.21,17.42,7.81,11,7,hybrid? Very small for scandens,03Dap18206,,,Y,Y
1/10/22,2022,fortis,1,Daphne,18207,BN,BN,,12.75,61,19.44,19.54,19.49,6.92,9.2,6.84,,01Dap18207,,,Y,Y
1/10/22,2022,scandens,3,Daphne,18208,BL5,BL,BN/M BK/W,16.75,69,21.75,21.84,21.8,8.64,11.5,8.32,hybrid FXS?,03Dap18208,,,Y,Y
1/11/22,2022,fortis,1,Daphne,18212,BL5,BL,M/BN DB/BN,14.75,67,20.83,20.89,20.86,8.53,11,8.25,,01Dap18212,Y,,Y,Y
1/11/22,2022,fortis,1,Daphne,18215,BL5,BL,M/BN DB/LG,12.75,67,19.77,19.66,19.72,7.7,10,7.59,,01Dap18215,,,Y,Y
1/11/22,2022,magnirostris,2,Daphne,6800,BL5,BL,W/BK BK/R,32,83,25.64,25.56,25.6,16.84,16,15.56,,02Dap6800,Y,,Y,Y
1/11/22,2022,scandens,3,Daphne,18211,BL2,OR,,17.5,64,21.16,20.82,20.99,9.12,12.8,8.05,band R because pox on L,03Dap18211,,,Y,Y
1/11/22,2022,fortis,1,Daphne,18218,BN,BN,,14,61,19.24,19.32,19.28,8.27,10.8,8.09,,01Dap18218,,,Y,Y
1/11/22,2022,scandens,3,Daphne,18209,BL3,OR,,16.75,69,20.31,20.03,20.17,9.56,13.5,8.6,,03Dap18209,,,Y,Y
1/11/22,2022,scandens,3,Daphne,18214,BL3,BL/OR,,21.75,70,23.46,23.47,23.46,10.66,15,9.76,,03Dap18214,,,Y,Y
1/11/22,2022,fortis,1,Daphne,18222,BL1,OR,,13.5,62,20.3,20.02,20.16,7.92,10.5,7.85,,01Dap18222,,,Y,Y
1/11/22,2022,magnirostris,2,Daphne,6801,BN,BL,R/W BK/R,29.5,80,25.03,25.78,25.41,16.49,16,15.1,,02Dap6801,Y,,Y,Y
1/11/22,2022,fuliginosa,0,Daphne,18217,BN,OR,,8.75,54,17.25,17.04,17.14,6.44,8.2,6.13,measured max leg width = 1.88mm,00Dap18217,,,N,Y
1/11/22,2022,scandens,3,Daphne,18213,BL3,BL/OR,BN/M DB/DG,19.75,70,22.84,23.33,23.09,9.48,14.2,8.81,,03Dap18213,,,Y,Y
1/11/22,2022,fortis,1,Daphne,18210,BL1,OR,,14.75,66,21.53,21.13,21.33,8.63,10.5,8.19,yellow feathers in head,01Dap18210,Y,,Y,Y
1/11/22,2022,scandens,3,Daphne,18219,BL2,BL/OR,BN/M DB/Y,18.25,67,21.19,21.33,21.26,9.03,12.8,8.31,,03Dap18219,,,Y,Y
1/11/22,2022,scandens,3,Daphne,18223,BL2,OR,,17,64,20.81,20.05,20.43,9.36,13.2,8.37,,03Dap18223,,,Y,Y
1/11/22,2022,fortis,1,Daphne,18226,BL2,BN,,12.75,59,20.96,20.94,20.95,7.79,9.5,7.74,,01Dap18226,Y,,Y,Y
1/11/22,2022,scandens,3,Daphne,18221,BL3,OR,,14,67,20.21,20.5,20.36,8.22,12.5,7.75,,03Dap18221,,,Y,Y
1/11/22,2022,scandens,3,Daphne,18220,,OR,BN/M BN/BK,18.25,69,21.25,20.76,21.01,9.57,13.5,8.81,upper mandible broken,03Dap18220,,,Y,Y
1/11/22,2022,scandens,3,Daphne,18224,BL5,BL,BN/M BN/GY,22.25,74,22.97,22.54,22.75,9.86,13.2,9.04,hybrid FXS?,03Dap18224,,Y,Y,Y
1/11/22,2022,fortis,1,Daphne,18216,BN,OR,,13.5,63,20.45,20.18,20.31,7.6,10,7.5,yellow feathers in head,01Dap18216,,,Y,Y
1/11/22,2022,fortis,1,Daphne,18225,BL4,BL,M/BN BN/LG,14.25,66,21.05,20.44,20.75,7.72,10,7.77,,01Dap18225,,,Y,Y
1/12/22,2022,scandens,3,Daphne,18227,BL2,BL/BR,,18.25,65,21.5,21.7,21.6,9.45,12.5,8.65,pox,03Dap18227,,Y,Y,Y
1/12/22,2022,scandens,3,Daphne,18228,BL3,BL,,23,73,22.99,23.42,23.2,9.52,15.2,9.63,,03Dap18228,,,Y,Y
1/12/22,2022,scandens,3,Daphne,18229,BL3,OR,,18.25,68,22.68,22.79,22.74,9.57,13.2,9.08,"imageJ: BL=13.12, BD=9.1",03Dap18229,,,Y,Y
1/12/22,2022,scandens,3,Daphne,18230,BL5,BL,BN/M DG/BK,24,77,23.16,23.56,23.36,9.88,15.5,9.5,body molt,03Dap18230,,,Y,Y
1/12/22,2022,scandens,3,Daphne,18231,BL1,OR,,14,62,20.85,20.54,20.7,8.82,13,8.33,,03Dap18231,Y,,Y,Y
1/12/22,2022,fortis,1,Daphne,18232,BN,OR,,12.75,61,19.56,19.66,19.61,7.3,10,7.28,,01Dap18232,,Y,Y,Y
1/12/22,2022,scandens,3,Daphne,18233,BL3,BL/OR,,18.5,67,22.61,22.21,22.41,9.23,13.2,9.14,,03Dap18233,,,Y,Y
1/12/22,2022,scandens,3,Daphne,18234,,BL/OR,BN/M DG/GY,18.5,72,22.1,21.21,21.66,9.26,12.5,8.94,hybrid FXS?,03Dap18234,,,Y,Y
1/12/22,2022,fortis,1,Daphne,C79135,BL3,BN,,14.75,68,20.46,20.37,20.41,8.49,10.5,8.11,sempasea lisboa recapture,01DapC79135,Y,,Y,Y
1/12/22,2022,scandens,3,Daphne,18235,BL2,OR,,17.5,68,22.38,21.3,21.84,9.6,13.5,9.19,,03Dap18235,,,Y,Y
1/12/22,2022,fortis,1,Daphne,18236,BN,OR,,12.25,58,19.49,,,7.49,10,7.12,"pox on R leg, so RTL is an inaccurate measurement (RTL=18.76). Yellow chin",01Dap18236,,,Y,Y
1/12/22,2022,fortis,1,Daphne,18237,BL2,OR,M/BN DG/R,14,65,19.74,19.97,19.85,8.34,10.5,8.01,,01Dap18237,,,Y,Y
1/12/22,2022,scandens,3,Daphne,18238,BL2,,,17.5,68,21.8,21.82,21.81,9.55,13.5,8.69,pox in R eye,03Dap18238,,,Y,Y
1/12/22,2022,scandens,3,Daphne,18239,BL3,,,18.25,69,21.63,20.84,21.24,9.39,14.8,9.01,old injured foot (i.e. healed injury),03Dap18239,,,Y,Y
1/12/22,2022,fortis,1,Daphne,18240,BN,OR,,14.25,63,20.77,20.08,20.42,8.33,10,8.03,,01Dap18240,,,Y,Y
1/13/22,2022,scandens,3,Daphne,18241,BL5,BL,BN/M GY/DB,18,70,19.6,19.53,19.57,9.35,13.5,8.41,,03Dap18241,,,Y,Y
1/13/22,2022,magnirostris,2,Daphne,,BN,BL,,,,,,,16.26,16,15.36,,02DapNA,Y,,N,N
1/13/22,2022,fortis,1,Daphne,18245,BL5,BL,M/BN GY/LG,14.5,68,20.05,19.47,19.76,8.47,10.8,8.29,,01Dap18245,,,Y,Y
1/13/22,2022,scandens,3,Daphne,18243,BN,OR,,15.5,66,21.5,21.73,21.62,8.49,11.8,8.4,,03Dap18243,,,Y,Y
1/13/22,2022,fortis,1,Daphne,18242,BL1,OR,,14.25,64,21.43,20.42,20.92,8.79,10.2,7.83,,01Dap18242,,,Y,Y
1/13/22,2022,scandens,3,Daphne,18244,BL3,OR,,18.5,69,21.24,21.62,21.43,9.5,13,9.22,,03Dap18244,,,Y,Y
1/13/22,2022,fortis,1,Daphne,18246,BN,OR,,14.25,61,19.8,19.59,19.7,7.99,10.5,7.72,,01Dap18246,,,Y,Y
1/13/22,2022,fortis,1,Daphne,18247,BL3,BL/OR,,14.75,68,21.94,21.68,21.81,8.48,10.8,7.92,Caught following playback of BB song. hybrid FXS?,01Dap18247,,Y,Y,Y
1/13/22,2022,scandens,3,Daphne,18248,BL5,BL,BN/M GY/W,19.65,70,21.92,22.19,22.06,9.84,13.5,9.03,caught following playback of BB song,03Dap18248,Y,,Y,Y
1/13/22,2022,scandens,3,Daphne,18249,BL3,BN/OR,,17.25,68,21.2,21.2,21.2,9.21,11,8.68,caught following playback of BB song,03Dap18249,,,Y,Y
1/13/22,2022,scandens,3,Daphne,18250,BL2,BK/OR,,21,69,22.65,22.44,22.55,9.35,15,8.99,caught following playback of BB song. Pox on R foot,03Dap18250,,,Y,Y
1/13/22,2022,fortis,1,Daphne,18251,BL1,BK/OR,,14.25,63,20.65,20.32,20.48,8.37,10.5,8.48,caught following playback of BB song,01Dap18251,,Y,N,Y
1/13/22,2022,scandens,3,Daphne,18252,BL1,OR,M/BN LG/BN,13.5,63,19.87,20.16,20.02,7.73,10.5,7.47,Caught following playback of BB song. hybrid FXS?,03Dap18252,,,Y,Y
1/13/22,2022,fortis,1,Daphne,18253,BL5,BL,BN/M LG/DG,21,70,22.6,22.53,22.57,9.85,11.8,9.57,caught following playback of BB song,01Dap18253,Y,,N,Y
1/14/22,2022,scandens,3,Daphne,18254,BL2,BN/OR,,14.5,70,22.31,22.14,22.23,9.56,12.5,9.25,hybrid FXS?,03Dap18254,,Y,Y,Y
1/14/22,2022,scandens,3,Daphne,18255,BL2,BL/OR,,18.25,67,21.96,21.93,21.94,9.89,14,9.25,,03Dap18255,,,Y,Y
1/14/22,2022,fortis,1,Daphne,18256,BL1,BN/OR,,13.5,66,20.05,19.86,19.95,7.45,9.5,7.17,,01Dap18256,,,Y,Y
1/14/22,2022,scandens,3,Daphne,18257,BN,BN/OR,,18.5,67,20.79,20.6,20.7,8.82,12.2,8.33,,03Dap18257,,,Y,Y
1/14/22,2022,scandens,3,Daphne,18258,BL5,BL,BN/M LG/W,21.25,73,20.76,20.36,20.56,10.61,14.5,9.38,,03Dap18258,,,Y,Y
1/14/22,2022,fortis,1,Daphne,18259,,OR,,16,66,20.63,20.7,20.66,9.08,10.5,8.7,,01Dap18259,,,Y,Y
1/14/22,2022,scandens,3,Daphne,18260,BL2,BL,BN/M O/BK,18.5,69,21.65,21.68,21.66,8.72,12.5,8.26,,03Dap18260,,,Y,Y
1/14/22,2022,scandens,3,Daphne,18261,BL5,BL,BN/M O/DB,20.75,72,22.66,22.36,22.51,9.95,16,9.26,,03Dap18261,Y,,Y,Y
1/14/22,2022,fortis,1,Daphne,18262,BN,OR,,13.25,62,19.44,19.25,19.34,9.03,11,8.34,,01Dap18262,,,N,Y
1/14/22,2022,scandens,3,Daphne,18263,BL4,BL,,20,72,20.99,20.43,20.71,9.85,14.5,8.99,,03Dap18263,,Y,Y,Y
1/14/22,2022,scandens,3,Daphne,18264,BL4,BL,,15.75,67,19.96,19.52,19.74,9.27,11.8,8.58,hybrid FXS?,03Dap18264,,,Y,Y
1/14/22,2022,scandens,3,Daphne,18265,BL2,BL/O,,15.25,69,20.87,20.83,20.85,9.31,12.5,8.56,,03Dap18265,,,Y,Y
1/14/22,2022,scandens,3,Daphne,18266,BL2,BN/O,,19,67,22.3,22.28,22.29,9.54,12.2,8.94,,03Dap18266,,,Y,Y
1/14/22,2022,scandens,3,Daphne,18267,BL3,BL,BN/M,19,69,22.79,22.04,22.41,9.87,13,8.92,"L foot swollen, only bands on R",03Dap18267,,,Y,Y
1/14/22,2022,scandens,3,Daphne,18268,BL5,BL,BN/M O/W,22.5,75,23.02,23.32,23.17,10.52,15,9.38,,03Dap18268,,Y,Y,Y
1/14/22,2022,scandens,3,Daphne,18269,BL5,BL,,20.75,73,21.71,21.81,21.76,10.4,14.2,9.28,,03Dap18269,,Y,Y,Y
1/14/22,2022,fortis,1,Daphne,18270,BN,OR,,14.5,62,20.34,20.91,20.62,7.98,10.5,8.01,,01Dap18270,,,Y,Y
1/14/22,2022,fortis,1,Daphne,18271,BN,BN/OR,,14.25,63,21.05,20.22,20.63,8.6,10.8,7.68,,01Dap18271,,Y,Y,Y
1/14/22,2022,scandens,3,Daphne,18272,BL3,BN/OR,,15.5,64,21.47,21.65,21.56,8.9,13.5,8.16,heavily worn primaries,03Dap18272,,,Y,Y
1/14/22,2022,fortis,1,Daphne,18242,,,,,,,,,,,,recapture,01Dap18242,,,,
1/15/22,2022,scandens,3,Daphne,18273,BL5,BL,BN/M R/DG,19.5,71,22.31,22.57,22.44,10.17,13.5,9.57,pox on left foot. Song recorded by EDE before captured,03Dap18273,,Y,Y,Y
1/15/22,2022,scandens,3,Daphne,18274,BL3,BN/OR,,20.5,68,22.2,22.4,22.3,9.6,13.2,9.59,,03Dap18274,Y,,Y,Y
1/15/22,2022,scandens,3,Daphne,18275,BL2,BL/OR,,19.5,68,21.86,21.18,21.52,9.96,14,9.65,,03Dap18275,,,Y,Y
1/15/22,2022,scandens,3,Daphne,18276,BL1,BL/Y,,14.5,63,19.83,19.9,19.86,9.48,14.5,8.62,,03Dap18276,,,Y,Y
1/15/22,2022,scandens,3,Daphne,18277,BL3,BL/O/O,,13,62,18.66,18.65,18.66,7.9,11.8,7.88,,03Dap18277,,,Y,Y
1/15/22,2022,scandens,3,Daphne,18278,BL2,BN/O,BN/M R/W,16.25,66,21.4,21.07,21.24,8.72,13,7.45,tail missing,03Dap18278,,,Y,Y
1/15/22,2022,scandens,3,Daphne,18279,BL3,BL/O,BN/M R/Y,17.25,69,21.39,21.53,21.46,9.6,13.8,8.84,,03Dap18279,,,Y,Y
1/15/22,2022,fortis,1,Daphne,18280,BN,O,BN/M W/BK,12.5,63,20.51,20.77,20.64,8.13,10.2,7.64,,01Dap18280,Y,,Y,Y
1/15/22,2022,scandens,3,Daphne,18281,BL3,BL,BN/M W/DB,17,68,21.38,20.37,20.88,8.9,14,8.29,,03Dap18281,,,Y,Y
1/15/22,2022,scandens,3,Daphne,18283,BL1,Y,BN/M W/DG,16.5,69,22.74,22.26,22.5,9.21,13,8.83,,03Dap18283,,,Y,Y
1/15/22,2022,scandens,3,Daphne,18282,BL2,OR,BN/M W/BN,17.5,67,20.92,21.05,20.98,9.42,14,8.8,,03Dap18282,,,Y,Y
1/15/22,2022,scandens,3,Daphne,18286,BL5,BL,BN/M W/O,19.25,74,21.78,22.17,21.98,9.4,14.2,8.66,,03Dap18286,,,Y,Y
1/15/22,2022,scandens,3,Daphne,18285,BL1,BN/OR,BN/M W/LG,18.75,70,21.84,21.83,21.84,9.26,13.8,8.68,,03Dap18285,,,Y,Y
1/15/22,2022,fortis,1,Daphne,18284,BL1,OR,M/BN W/GY,11.75,61,19.72,19.45,19.59,7.31,9.5,7.03,possible fuliginosa?,01Dap18284,,,Y,Y
1/15/22,2022,scandens,3,Daphne,18287,BL3,BL,BN/M W/R,16.5,66,21.53,21.37,21.45,8.49,13,8.38,,03Dap18287,,,Y,Y
1/15/22,2022,scandens,3,Daphne,18288,BL3,BN/OR,BN/M W/W,18.75,69,21.91,21.6,21.76,9.74,14,9.24,conical beak,03Dap18288,,,Y,Y
1/15/22,2022,fuliginosa,0,Daphne,18289,BN,,M/Y W/BN,9.5,58,17.83,17.93,17.88,6.73,8.4,6.33,,00Dap18289,Y,,Y,Y
1/15/22,2022,fortis,1,Daphne,18290,BL3,BN,M/BN Y/BK,14.25,66,21.59,21.09,21.34,8.75,10.2,8.15,,01Dap18290,,,Y,Y
1/15/22,2022,fortis,1,Daphne,18292,BL4,BL,M/BN Y/BN,14.5,66,21.03,20.31,20.67,8.67,10.2,7.83,,01Dap18292,,,Y,Y
1/15/22,2022,fortis,1,Daphne,18291,BN,BN,M/BN Y/DB,12.5,63,20.21,20.4,20.3,8,10,7.4,,01Dap18291,,,Y,Y
1/15/22,2022,scandens,3,Daphne,18293,BL3,BN/O,BN/M Y/DG,13.25,65,21.31,21.5,21.41,8.18,11.8,7.8,pox on R foot,03Dap18293,,,Y,Y
1/15/22,2022,scandens,3,Daphne,18209,,,,,,,,,,,,recapture,03Dap18209,,,Y,Y
1/15/22,2022,fortis,1,Daphne,18452,,,,,,,,,,,,recapture,01Dap18452,,,Y,Y
1/15/22,2022,scandens,3,Daphne,,,,,,,,,,,,,pox. Released at net,03DapNA,,,Y,Y
1/15/22,2022,scandens,3,Daphne,18323,,,,,,,,,,,,recapture,03Dap18323,,,Y,Y
1/15/22,2022,scandens,3,Daphne,18162,,,,,,,,,,,,recapture,03Dap18162,,,Y,Y
1/15/22,2022,scandens,3,Daphne,18126,,,,,,,,,,,,recapture,03Dap18126,,,Y,Y
1/15/22,2022,scandens,3,Daphne,18223,,,,,,,,,,,,recapture,03Dap18223,,,Y,Y